Tokyo,Japan
Delhi,India
Shanghai,China
Sao+Paulo,Brazil
Mexico+City,Mexico
Cairo,Egypt
Mumbai,India
Beijing,China
Dhaka,Bangladesh
Osaka,Japan
New+York-Newark,United+States
Karachi,Pakistan
Buenos+Aires,Argentina
Chongqing,China
Istanbul,Turkey
Kolkata,India
Manila,Philippines
Lagos,Nigeria
Rio+de+Janeiro,Brazil
Tianjin,China
Kinshasa,DR+Congo
Guangzhou,China
Los+Angeles,United+States
Moscow,Russia
Shenzhen,China
Lahore,Pakistan
Bangalore,India
Paris,France
Bogota,Colombia
Jakarta,Indonesia
Chennai,India
Lima,Peru
Bangkok,Thailand
Seoul,South+Korea
Nagoya,Japan
Hyderabad,India
London,United+Kingdom
Tehran,Iran
Chicago,United+States
Chengdu,China
Nanjing,China
Wuhan,China
Ho+Chi+Minh+City,Vietnam
Luanda,Angola
Ahmedabad,India
Kuala+Lumpur,Malaysia
Xi'an,China
Hong+Kong,China
Dongguan,China
Hangzhou,China
Foshan,China
Shenyang,China
Riyadh,Saudi+Arabia
Baghdad,Iraq
Santiago,Chile
Surat,India
Madrid,Spain
Suzhou,China
Pune,India
Harbin,China
Houston,United+States
Dallas,United+States
Toronto,Canada
Dar+es+Salaam,Tanzania
Miami,United+States
Belo+Horizonte,Brazil
Singapore,Singapore
Philadelphia,United+States
Atlanta,United+States
Fukuoka,Japan
Khartoum,Sudan
Barcelona,Spain
Johannesburg,South+Africa
Saint+Petersburg,Russia
Qingdao,China
Dalian,China
Washington,United+States
Yangon,Myanmar
Alexandria,Egypt
Jinan,China
Guadalajara,Mexico