City,country
Athi River (Mavoko),Kenya
Awendo,Kenya
Banisa (Banissa),Kenya
Bondo,Kenya
Bungoma,Kenya
Busia,Kenya
Chuka,Kenya
Elburgon,Kenya
Eldama Ravine,Kenya
Eldoret,Kenya
Elwak,Kenya
Emali,Kenya
Embu,Kenya
Garbatula,Kenya
Garissa,Kenya
Gilgil,Kenya
Githunguri,Kenya
Habaswein,Kenya
Hola,Kenya
Homa Bay,Kenya
Isebania,Kenya
Isiolo,Kenya
Juja,Kenya
Kabarnet,Kenya
Kajiado,Kenya
Kakamega,Kenya
Kakuma,Kenya
Kapsabet,Kenya
Karatina,Kenya
Karuri,Kenya
Kehancha,Kenya
Kenol,Kenya
Kericho,Kenya
Kerugoya,Kenya
Kiambu,Kenya
Kikuyu,Kenya
Kilifi,Kenya
Kimilili,Kenya
Kiminini,Kenya
Kiserian,Kenya
Kisii,Kenya
Kisumu,Kenya
Kitale,Kenya
Kitengela,Kenya
Kitui,Kenya
Lafey,Kenya
Lamu,Kenya
Limuru,Kenya
Lodwar,Kenya
Machakos,Kenya
Mai Mahiu,Kenya
Mairo Inya,Kenya
Makindu,Kenya
Makutano (Kapenguria),Kenya
Malaba,Kenya
Malindi,Kenya
Mandera,Kenya
Maralal,Kenya
Mariakani,Kenya
Marsabit,Kenya
Masalani,Kenya
Maua,Kenya
Mazeras,Kenya
Mbale (Vihiga),Kenya
Mbita (Mbita Point),Kenya
Meru,Kenya
Migori,Kenya
Mlolongo,Kenya
Moi's Bridge,Kenya
Molo (Turi),Kenya
Mombasa,Kenya
Moyale,Kenya
Msambweni,Kenya
Mtwapa,Kenya
Mumias,Kenya
Murang'a,Kenya
Mwingi,Kenya
Nairobi,Kenya
Naivasha,Kenya
Nakuru,Kenya
Namanga,Kenya
Nanyuki,Kenya
Narok,Kenya
Ngong,Kenya
Njoro,Kenya
Nyahururu,Kenya
Nyamira,Kenya
Nyeri,Kenya
Ongata Rongai,Kenya
Oyugis,Kenya
Rhamu,Kenya
Rongo,Kenya
Ruiru,Kenya
Siaya,Kenya
Takaba,Kenya
Taveta,Kenya
Thika,Kenya
Ukunda,Kenya
Voi,Kenya
Wajir,Kenya
Wanguru,Kenya
Watamu,Kenya
Webuye,Kenya
Wote,Kenya
