Cairo,Egypt
Cairo,Egypt
Accra,Ghana
Accra,Ghana
Accra,Ghana
Accra,Ghana
Kojokrom,Ghana
New+Takoradi,Ghana
Kumasi,Ghana
Nairobi,Kenya
Nairobi,Kenya
Nairobi,Kenya
Nairobi,Kenya
Nairobi,Kenya
Nairobi,Kenya
Nairobi,Kenya
Nairobi,Kenya
Nairobi,Kenya
Nairobi,Kenya
Nairobi,Kenya
Nairobi,Kenya
Nairobi,Kenya
Mombasa,Kenya
Mombasa,Kenya
Agege,Nigeria
Ajegunle,Nigeria
Bariga,Nigeria
Ibadan,Nigeria
Ilaje,Nigeria
Makoko,Nigeria
Mushin,Nigeria
Somolu,Nigeria
Delhi,India
Delhi,India
Delhi,India
Kolkata,India
Kolkata,India
Kolkata,India
Guwahati,India
Mumbai,India
Mumbai,India
Mumbai,India
Mumbai,India
Chennai,India
Chennai,India
Chennai,India
Bhubaneswar,India
Jakarta,Indonesia
Jakarta,Indonesia
Jakarta,Indonesia
Jakarta,Indonesia
Jakarta,Indonesia
Jakarta,Indonesia
Jakarta,Indonesia
Manila,Philippines
Manila,Philippines
Isfahan,Iran
Tehran,Iran
Karachi,Pakistan
Colombo,Sri Lanka
Sanaa,Yemen
Cubatao,Brazil
Bogot√°,Colombia
